{
  "Kalloc": 16.856406460551018,
  "LHS_interval": {
    "hi": 4.27046745474561e-08,
    "lo": 4.243802588474341e-08
  },
  "L_interval": {
    "hi": 494.3839868358647,
    "lo": 491.341708777349
  },
  "RHS_interval": {
    "hi": 0.12992564814184657,
    "lo": 0.12992563972639584
  },
  "alpha": 1.0,
  "c": 0.12996509635498976,
  "c0": 0.08273835005724436,
  "certificate_version": "v28",
  "delta": 1.1551345500106782e-09,
  "eta": 1e-06,
  "logm": 29.4227805851566,
  "m": 6000000000000.0,
  "pass": true
}