{
  "source": "mpmath.zetazero",
  "mp_dps": 80,
  "J": 50,
  "gammas": [
    "14.1347251417346937904572519835624702707842571156992431756856",
    "21.0220396387715549926284795938969027773343405249027817546295",
    "25.0108575801456887632137909925628218186595496725579966724965",
    "30.4248761258595132103118975305840913201815600237154401809621",
    "32.93506158773918969066236896407490348881271560351703900928",
    "37.586178158825671257217763480705332821405597350830793218333",
    "40.9187190121474951873981269146332543957261659627772795361613",
    "43.3270732809149995194961221654068057826456683718368714468789",
    "48.0051508811671597279424727494275160416868440011444251177753",
    "49.773832477672302181916784678563724057723178299676662100782",
    "52.9703214777144606441472966088809900638250178888212247799007",
    "56.446247697063394804367759476706127552782264471716631845451",
    "59.3470440026023530796536486749922190310987728064666696981225",
    "60.8317785246098098442599018245240038029100904512191782571013",
    "65.1125440480816066608750542531837050293481492951667224059665",
    "67.0798105294941737144788288965222167701071449517455588741967",
    "69.5464017111739792529268575265547384430124742096025101573245",
    "72.0671576744819075825221079698261683904809066214566970866833",
    "75.7046906990839331683269167620303459228119035306974003016478",
    "77.1448400688748053726826648563046370157960324492344610417652",
    "79.3373750202493679227635928771162281906132467431200308784387",
    "82.9103808540860301831648374947706094975088805937821491465713",
    "84.7354929805170501057353112068277414171066279342408187027355",
    "87.4252746131252294065316678509192132521718864012690281864556",
    "88.8091112076344654236823480795093783954448934098186750421999",
    "92.4918992705584842962597252418106848787217940277306461750968",
    "94.6513440405198869665979258152081539377280270156548520195925",
    "95.8706342282453097587410292192467816952564612249879984205293",
    "98.8311942181936922333244201386223278206580390634281961028193",
    "101.317851005731391228785447940292308906332866384300894799928",
    "103.725538040478339416398408108695280834481173069495764519885",
    "105.446623052326094493670832414111808997282753928535138480569",
    "107.168611184276407515123351963086191213476707881404765279265",
    "111.029535543169674524656450309944350415345968390073056846191",
    "111.874659176992637085612078716770594960311749873385873816619",
    "114.320220915452712765890937276191079809917657723829892287728",
    "116.226680320857554382160804312064755127329851232383220283863",
    "118.790782865976217322979139702699824347306210592809382784194",
    "121.370125002420645918945532970499922723001310631728742302575",
    "122.94682929355258820081746033077001649621438987386351721195",
    "124.256818554345767184732007966129924441573538774693561140355",
    "127.5166838795964951242793237669060762680883098815549824828",
    "129.578704199956050985768033906179973608640953264659431030471",
    "131.08768853093265672356637246150134905920354750297504538314",
    "133.497737202997586450130492042640607664974174943904675015102",
    "134.756509753373871331326064157169736178396068613647164416976",
    "138.116042054533443200191555190282447859835274624146235685345",
    "139.73620895212138895045004652338246084679005256538260308137",
    "141.123707404021123761940353818475355090300660879747620032105",
    "143.111845807620632739405123868913929966233102430354632548599"
  ]
}